"","player","VORP","time","year"
"1","stockjo01",2.7,"reg",1985
"2","stockjo01",1.7,"reg",1985
"3","stockjo01",0.2,"reg",1985
"4","stockjo01",4.6,"reg",1985
"5","stockjo01",1,"reg",1985
"6","stockjo01",-1.1,"reg",1985
"7","stockjo01",-1.6,"reg",1985
"8","stockjo01",3.1,"reg",1985
"9","stockjo01",-4.7,"reg",1985
"10","stockjo01",2.3,"reg",1985
"11","stockjo01",-0.1,"reg",1985
"12","stockjo01",-2,"reg",1985
"13","stockjo01",-1.3,"reg",1985
"14","stockjo01",-2.1,"reg",1985
"15","stockjo01",-0.8,"reg",1985
"16","stockjo01",1.7,"reg",1985
"17","stockjo01",-3.1,"reg",1985
"18","stockjo01",9.5,"reg",1985
"19","stockjo01",9.4,"reg",1985
"20","stockjo01",-4.3,"reg",1985
"21","stockjo01",0.4,"reg",1985
"22","stockjo01",1.1,"reg",1985
"23","stockjo01",0.2,"reg",1985
"24","stockjo01",-3.1,"reg",1985
"25","stockjo01",0.2,"reg",1985
"26","stockjo01",-2.8,"reg",1985
"27","stockjo01",3.8,"reg",1985
"28","stockjo01",0.4,"reg",1985
"29","stockjo01",2.4,"reg",1985
"30","stockjo01",-0.1,"reg",1985
"31","stockjo01",0.5,"reg",1985
"32","stockjo01",0.1,"reg",1985
"33","stockjo01",1.1,"reg",1985
"34","stockjo01",-1.6,"reg",1985
"35","stockjo01",0.7,"reg",1985
"36","stockjo01",0.7,"reg",1985
"37","stockjo01",5.6,"reg",1985
"38","stockjo01",2,"reg",1985
"39","stockjo01",3.7,"reg",1985
"40","stockjo01",2,"reg",1985
"41","stockjo01",6.2,"reg",1985
"42","stockjo01",2.6,"reg",1985
"43","stockjo01",-0.5,"reg",1985
"44","stockjo01",3.9,"reg",1985
"45","stockjo01",-4.8,"reg",1985
"46","stockjo01",1.2,"reg",1985
"47","stockjo01",3.9,"reg",1985
"48","stockjo01",-0.4,"reg",1985
"49","stockjo01",-3,"reg",1985
"50","stockjo01",2.3,"reg",1985
"51","stockjo01",5.2,"reg",1985
"52","stockjo01",-1.1,"reg",1985
"53","stockjo01",2.4,"reg",1985
"54","stockjo01",-4.1,"reg",1985
"55","stockjo01",3,"reg",1985
"56","stockjo01",1.7,"reg",1985
"57","stockjo01",3.2,"reg",1985
"58","stockjo01",-2.3,"reg",1985
"59","stockjo01",2.2,"reg",1985
"60","stockjo01",-3.3,"reg",1985
"61","stockjo01",-3.3,"reg",1985
"62","stockjo01",2.5,"reg",1985
"63","stockjo01",-0.9,"reg",1985
"64","stockjo01",5.5,"reg",1985
"65","stockjo01",-2.6,"reg",1985
"66","stockjo01",0.9,"reg",1985
"67","stockjo01",1.8,"reg",1985
"68","stockjo01",0.6,"reg",1985
"69","stockjo01",6.1,"reg",1985
"70","stockjo01",-1.2,"reg",1985
"71","stockjo01",-4.6,"reg",1985
"72","stockjo01",-1.3,"reg",1985
"73","stockjo01",2.3,"reg",1985
"74","stockjo01",2.4,"reg",1985
"75","stockjo01",1.5,"reg",1985
"76","stockjo01",-2.5,"reg",1985
"77","stockjo01",-1.1,"reg",1985
"78","stockjo01",6.6,"reg",1985
"79","stockjo01",-2.4,"reg",1985
"80","stockjo01",-1.9,"reg",1985
"81","stockjo01",-0.9,"reg",1985
"82","stockjo01",0.1,"reg",1985
"83","stockjo01",5.3,"reg",1998
"84","stockjo01",0.5,"reg",1998
"85","stockjo01",4.8,"reg",1998
"86","stockjo01",2.8,"reg",1998
"87","stockjo01",17.2,"reg",1998
"88","stockjo01",4.8,"reg",1998
"89","stockjo01",-3.8,"reg",1998
"90","stockjo01",13.8,"reg",1998
"91","stockjo01",18.7,"reg",1998
"92","stockjo01",4.7,"reg",1998
"93","stockjo01",3.9,"reg",1998
"94","stockjo01",3.4,"reg",1998
"95","stockjo01",10,"reg",1998
"96","stockjo01",15.4,"reg",1998
"97","stockjo01",6.4,"reg",1998
"98","stockjo01",5,"reg",1998
"99","stockjo01",8.4,"reg",1998
"100","stockjo01",4.5,"reg",1998
"101","stockjo01",5.8,"reg",1998
"102","stockjo01",3.2,"reg",1998
"103","stockjo01",-4.7,"reg",1998
"104","stockjo01",7.9,"reg",1998
"105","stockjo01",5.2,"reg",1998
"106","stockjo01",5.4,"reg",1998
"107","stockjo01",2.3,"reg",1998
"108","stockjo01",10.3,"reg",1998
"109","stockjo01",6.1,"reg",1998
"110","stockjo01",9.1,"reg",1998
"111","stockjo01",-1.4,"reg",1998
"112","stockjo01",2,"reg",1998
"113","stockjo01",4.2,"reg",1998
"114","stockjo01",-3.2,"reg",1998
"115","stockjo01",-4.2,"reg",1998
"116","stockjo01",6.2,"reg",1998
"117","stockjo01",13.1,"reg",1998
"118","stockjo01",-0.2,"reg",1998
"119","stockjo01",6.7,"reg",1998
"120","stockjo01",10,"reg",1998
"121","stockjo01",3.2,"reg",1998
"122","stockjo01",9.5,"reg",1998
"123","stockjo01",-3.3,"reg",1998
"124","stockjo01",5.6,"reg",1998
"125","stockjo01",2.1,"reg",1998
"126","stockjo01",2.7,"reg",1998
"127","stockjo01",3.4,"reg",1998
"128","stockjo01",6.7,"reg",1998
"129","stockjo01",-0.4,"reg",1998
"130","stockjo01",11.5,"reg",1998
"131","stockjo01",2.3,"reg",1998
"132","stockjo01",3.6,"reg",1998
"133","stockjo01",8.2,"reg",1998
"134","stockjo01",0.1,"reg",1998
"135","stockjo01",1.5,"reg",1998
"136","stockjo01",9.6,"reg",1998
"137","stockjo01",-3.6,"reg",1998
"138","stockjo01",3.3,"reg",1998
"139","stockjo01",7.1,"reg",1998
"140","stockjo01",1.1,"reg",1998
"141","stockjo01",-5.3,"reg",1998
"142","stockjo01",5.8,"reg",1998
"143","stockjo01",7.3,"reg",1998
"144","stockjo01",-0.5,"reg",1998
"145","stockjo01",0.6,"reg",1998
"146","stockjo01",2.4,"reg",1998
"147","stockjo01",12.2,"reg",1988
"148","stockjo01",8.9,"reg",1988
"149","stockjo01",3.8,"reg",1988
"150","stockjo01",5.6,"reg",1988
"151","stockjo01",4.3,"reg",1988
"152","stockjo01",0.1,"reg",1988
"153","stockjo01",10.9,"reg",1988
"154","stockjo01",14.1,"reg",1988
"155","stockjo01",4.6,"reg",1988
"156","stockjo01",7.6,"reg",1988
"157","stockjo01",2.8,"reg",1988
"158","stockjo01",17,"reg",1988
"159","stockjo01",7.1,"reg",1988
"160","stockjo01",2.5,"reg",1988
"161","stockjo01",2.8,"reg",1988
"162","stockjo01",7.8,"reg",1988
"163","stockjo01",3.9,"reg",1988
"164","stockjo01",11.3,"reg",1988
"165","stockjo01",11.3,"reg",1988
"166","stockjo01",9.7,"reg",1988
"167","stockjo01",7.6,"reg",1988
"168","stockjo01",7.3,"reg",1988
"169","stockjo01",9,"reg",1988
"170","stockjo01",6.3,"reg",1988
"171","stockjo01",7.3,"reg",1988
"172","stockjo01",18.5,"reg",1988
"173","stockjo01",11.2,"reg",1988
"174","stockjo01",14.5,"reg",1988
"175","stockjo01",11.6,"reg",1988
"176","stockjo01",6.6,"reg",1988
"177","stockjo01",8.7,"reg",1988
"178","stockjo01",8,"reg",1988
"179","stockjo01",13.2,"reg",1988
"180","stockjo01",11.8,"reg",1988
"181","stockjo01",11.2,"reg",1988
"182","stockjo01",14.6,"reg",1988
"183","stockjo01",9.7,"reg",1988
"184","stockjo01",11.1,"reg",1988
"185","stockjo01",10.9,"reg",1988
"186","stockjo01",12.5,"reg",1988
"187","stockjo01",14.1,"reg",1988
"188","stockjo01",3,"reg",1988
"189","stockjo01",3.3,"reg",1988
"190","stockjo01",4.9,"reg",1988
"191","stockjo01",3.3,"reg",1988
"192","stockjo01",-0.6,"reg",1988
"193","stockjo01",10.6,"reg",1988
"194","stockjo01",0.8,"reg",1988
"195","stockjo01",1.1,"reg",1988
"196","stockjo01",5.9,"reg",1988
"197","stockjo01",2.5,"reg",1988
"198","stockjo01",1.5,"reg",1988
"199","stockjo01",6.1,"reg",1988
"200","stockjo01",5.4,"reg",1988
"201","stockjo01",12.8,"reg",1988
"202","stockjo01",8.7,"reg",1988
"203","stockjo01",1.2,"reg",1988
"204","stockjo01",4.9,"reg",1988
"205","stockjo01",1,"reg",1988
"206","stockjo01",3.2,"reg",1988
"207","stockjo01",2.9,"reg",1988
"208","stockjo01",0.8,"reg",1988
"209","stockjo01",12.5,"reg",1988
"210","stockjo01",4.4,"reg",1988
"211","stockjo01",5,"reg",1988
"212","stockjo01",21.4,"reg",1988
"213","stockjo01",3.1,"reg",1988
"214","stockjo01",6.4,"reg",1988
"215","stockjo01",7.5,"reg",1988
"216","stockjo01",8.8,"reg",1988
"217","stockjo01",6.5,"reg",1988
"218","stockjo01",10.6,"reg",1988
"219","stockjo01",14.9,"reg",1988
"220","stockjo01",4.5,"reg",1988
"221","stockjo01",9.7,"reg",1988
"222","stockjo01",8.7,"reg",1988
"223","stockjo01",0.8,"reg",1988
"224","stockjo01",7.8,"reg",1988
"225","stockjo01",9.4,"reg",1988
"226","stockjo01",10.6,"reg",1988
"227","stockjo01",9.7,"reg",1988
"228","stockjo01",2.1,"reg",1988
"229","stockjo01",-4.8,"reg",1989
"230","stockjo01",13.2,"reg",1989
"231","stockjo01",3.6,"reg",1989
"232","stockjo01",5,"reg",1989
"233","stockjo01",14.5,"reg",1989
"234","stockjo01",10.4,"reg",1989
"235","stockjo01",6.4,"reg",1989
"236","stockjo01",10,"reg",1989
"237","stockjo01",3.8,"reg",1989
"238","stockjo01",12,"reg",1989
"239","stockjo01",2.9,"reg",1989
"240","stockjo01",8.4,"reg",1989
"241","stockjo01",8.1,"reg",1989
"242","stockjo01",6.6,"reg",1989
"243","stockjo01",7.6,"reg",1989
"244","stockjo01",17.9,"reg",1989
"245","stockjo01",10.9,"reg",1989
"246","stockjo01",2.5,"reg",1989
"247","stockjo01",9.9,"reg",1989
"248","stockjo01",-3.7,"reg",1989
"249","stockjo01",8,"reg",1989
"250","stockjo01",14.3,"reg",1989
"251","stockjo01",6.7,"reg",1989
"252","stockjo01",17.1,"reg",1989
"253","stockjo01",9.6,"reg",1989
"254","stockjo01",16.9,"reg",1989
"255","stockjo01",17.8,"reg",1989
"256","stockjo01",7.1,"reg",1989
"257","stockjo01",16.6,"reg",1989
"258","stockjo01",14.6,"reg",1989
"259","stockjo01",13.1,"reg",1989
"260","stockjo01",4.8,"reg",1989
"261","stockjo01",5.3,"reg",1989
"262","stockjo01",8.4,"reg",1989
"263","stockjo01",17.3,"reg",1989
"264","stockjo01",7.6,"reg",1989
"265","stockjo01",10,"reg",1989
"266","stockjo01",13.5,"reg",1989
"267","stockjo01",8,"reg",1989
"268","stockjo01",3.4,"reg",1989
"269","stockjo01",13.5,"reg",1989
"270","stockjo01",11.4,"reg",1989
"271","stockjo01",-0.7,"reg",1989
"272","stockjo01",1.4,"reg",1989
"273","stockjo01",-0.9,"reg",1989
"274","stockjo01",-5.5,"reg",1989
"275","stockjo01",11.2,"reg",1989
"276","stockjo01",15.3,"reg",1989
"277","stockjo01",10.5,"reg",1989
"278","stockjo01",8.3,"reg",1989
"279","stockjo01",8.2,"reg",1989
"280","stockjo01",5.5,"reg",1989
"281","stockjo01",1.5,"reg",1989
"282","stockjo01",3,"reg",1989
"283","stockjo01",2.9,"reg",1989
"284","stockjo01",24.3,"reg",1989
"285","stockjo01",9.4,"reg",1989
"286","stockjo01",-2.2,"reg",1989
"287","stockjo01",3.7,"reg",1989
"288","stockjo01",5.6,"reg",1989
"289","stockjo01",3.7,"reg",1989
"290","stockjo01",15.4,"reg",1989
"291","stockjo01",9,"reg",1989
"292","stockjo01",20.7,"reg",1989
"293","stockjo01",13.9,"reg",1989
"294","stockjo01",-0.2,"reg",1989
"295","stockjo01",1.2,"reg",1989
"296","stockjo01",4.3,"reg",1989
"297","stockjo01",21.3,"reg",1989
"298","stockjo01",2,"reg",1989
"299","stockjo01",6.3,"reg",1989
"300","stockjo01",-0.5,"reg",1989
"301","stockjo01",2.7,"reg",1989
"302","stockjo01",12,"reg",1989
"303","stockjo01",9.1,"reg",1989
"304","stockjo01",6.9,"reg",1989
"305","stockjo01",13.8,"reg",1989
"306","stockjo01",8.9,"reg",1989
"307","stockjo01",10,"reg",1989
"308","stockjo01",10.2,"reg",1989
"309","stockjo01",4.2,"reg",1989
"310","stockjo01",15.6,"reg",1989
"311","stockjo01",10.4,"reg",1990
"312","stockjo01",7.5,"reg",1990
"313","stockjo01",20.8,"reg",1990
"314","stockjo01",20.5,"reg",1990
"315","stockjo01",12.8,"reg",1990
"316","stockjo01",12.6,"reg",1990
"317","stockjo01",5.9,"reg",1990
"318","stockjo01",11.6,"reg",1990
"319","stockjo01",10.2,"reg",1990
"320","stockjo01",8.1,"reg",1990
"321","stockjo01",8.6,"reg",1990
"322","stockjo01",7.1,"reg",1990
"323","stockjo01",8.1,"reg",1990
"324","stockjo01",21,"reg",1990
"325","stockjo01",6.4,"reg",1990
"326","stockjo01",8.7,"reg",1990
"327","stockjo01",13,"reg",1990
"328","stockjo01",10.2,"reg",1990
"329","stockjo01",1.3,"reg",1990
"330","stockjo01",11.7,"reg",1990
"331","stockjo01",5.4,"reg",1990
"332","stockjo01",2.5,"reg",1990
"333","stockjo01",7.2,"reg",1990
"334","stockjo01",4.8,"reg",1990
"335","stockjo01",12.6,"reg",1990
"336","stockjo01",4.6,"reg",1990
"337","stockjo01",12.1,"reg",1990
"338","stockjo01",16.3,"reg",1990
"339","stockjo01",20.3,"reg",1990
"340","stockjo01",8.6,"reg",1990
"341","stockjo01",14,"reg",1990
"342","stockjo01",9.6,"reg",1990
"343","stockjo01",16,"reg",1990
"344","stockjo01",-1.5,"reg",1990
"345","stockjo01",3,"reg",1990
"346","stockjo01",6.2,"reg",1990
"347","stockjo01",11.4,"reg",1990
"348","stockjo01",7,"reg",1990
"349","stockjo01",9.1,"reg",1990
"350","stockjo01",1.5,"reg",1990
"351","stockjo01",16.3,"reg",1990
"352","stockjo01",3.5,"reg",1990
"353","stockjo01",-1.2,"reg",1990
"354","stockjo01",9.4,"reg",1990
"355","stockjo01",7,"reg",1990
"356","stockjo01",5,"reg",1990
"357","stockjo01",15.1,"reg",1990
"358","stockjo01",3.3,"reg",1990
"359","stockjo01",7.7,"reg",1990
"360","stockjo01",3,"reg",1990
"361","stockjo01",6.1,"reg",1990
"362","stockjo01",6.8,"reg",1990
"363","stockjo01",14,"reg",1990
"364","stockjo01",0.8,"reg",1990
"365","stockjo01",8.2,"reg",1990
"366","stockjo01",10.5,"reg",1990
"367","stockjo01",2.9,"reg",1990
"368","stockjo01",3.9,"reg",1990
"369","stockjo01",-0.9,"reg",1990
"370","stockjo01",11.6,"reg",1990
"371","stockjo01",5.5,"reg",1990
"372","stockjo01",11.7,"reg",1990
"373","stockjo01",10.2,"reg",1990
"374","stockjo01",1.7,"reg",1990
"375","stockjo01",6.3,"reg",1990
"376","stockjo01",6.9,"reg",1990
"377","stockjo01",9,"reg",1990
"378","stockjo01",3.4,"reg",1990
"379","stockjo01",16.5,"reg",1990
"380","stockjo01",13.5,"reg",1990
"381","stockjo01",7.9,"reg",1990
"382","stockjo01",3.7,"reg",1990
"383","stockjo01",13,"reg",1990
"384","stockjo01",-1.7,"reg",1990
"385","stockjo01",4.8,"reg",1990
"386","stockjo01",10.4,"reg",1990
"387","stockjo01",20.7,"reg",1990
"388","stockjo01",-6.2,"reg",1990
"389","stockjo01",3.3,"reg",1991
"390","stockjo01",11.5,"reg",1991
"391","stockjo01",3,"reg",1991
"392","stockjo01",7.3,"reg",1991
"393","stockjo01",-0.9,"reg",1991
"394","stockjo01",7.7,"reg",1991
"395","stockjo01",7.5,"reg",1991
"396","stockjo01",13.6,"reg",1991
"397","stockjo01",13.6,"reg",1991
"398","stockjo01",19,"reg",1991
"399","stockjo01",2.1,"reg",1991
"400","stockjo01",7.5,"reg",1991
"401","stockjo01",9.1,"reg",1991
"402","stockjo01",2.1,"reg",1991
"403","stockjo01",6.9,"reg",1991
"404","stockjo01",11.8,"reg",1991
"405","stockjo01",-2.5,"reg",1991
"406","stockjo01",5.6,"reg",1991
"407","stockjo01",20.3,"reg",1991
"408","stockjo01",6.4,"reg",1991
"409","stockjo01",2.7,"reg",1991
"410","stockjo01",16,"reg",1991
"411","stockjo01",12.8,"reg",1991
"412","stockjo01",6.4,"reg",1991
"413","stockjo01",14.6,"reg",1991
"414","stockjo01",14.1,"reg",1991
"415","stockjo01",15,"reg",1991
"416","stockjo01",16.4,"reg",1991
"417","stockjo01",11.3,"reg",1991
"418","stockjo01",13.9,"reg",1991
"419","stockjo01",6.3,"reg",1991
"420","stockjo01",12.4,"reg",1991
"421","stockjo01",12,"reg",1991
"422","stockjo01",-0.1,"reg",1991
"423","stockjo01",4.5,"reg",1991
"424","stockjo01",14.1,"reg",1991
"425","stockjo01",10,"reg",1991
"426","stockjo01",7.9,"reg",1991
"427","stockjo01",10.1,"reg",1991
"428","stockjo01",8.3,"reg",1991
"429","stockjo01",14.8,"reg",1991
"430","stockjo01",-2,"reg",1991
"431","stockjo01",6.3,"reg",1991
"432","stockjo01",5.7,"reg",1991
"433","stockjo01",14.6,"reg",1991
"434","stockjo01",11.3,"reg",1991
"435","stockjo01",4.9,"reg",1991
"436","stockjo01",7.2,"reg",1991
"437","stockjo01",6.7,"reg",1991
"438","stockjo01",21.6,"reg",1991
"439","stockjo01",7.9,"reg",1991
"440","stockjo01",2.6,"reg",1991
"441","stockjo01",0.7,"reg",1991
"442","stockjo01",2.3,"reg",1991
"443","stockjo01",-2.7,"reg",1991
"444","stockjo01",11.3,"reg",1991
"445","stockjo01",-3.9,"reg",1991
"446","stockjo01",13.1,"reg",1991
"447","stockjo01",3.4,"reg",1991
"448","stockjo01",16.8,"reg",1991
"449","stockjo01",8.6,"reg",1991
"450","stockjo01",4.5,"reg",1991
"451","stockjo01",4.4,"reg",1991
"452","stockjo01",1.7,"reg",1991
"453","stockjo01",10.4,"reg",1991
"454","stockjo01",1.5,"reg",1991
"455","stockjo01",10,"reg",1991
"456","stockjo01",8,"reg",1991
"457","stockjo01",3.7,"reg",1991
"458","stockjo01",25.8,"reg",1991
"459","stockjo01",4.4,"reg",1991
"460","stockjo01",11.8,"reg",1991
"461","stockjo01",7.9,"reg",1991
"462","stockjo01",7.2,"reg",1991
"463","stockjo01",12,"reg",1991
"464","stockjo01",4.8,"reg",1991
"465","stockjo01",1.8,"reg",1991
"466","stockjo01",8.4,"reg",1991
"467","stockjo01",3.6,"reg",1991
"468","stockjo01",9.7,"reg",1991
"469","stockjo01",4.4,"reg",1991
"470","stockjo01",2.4,"reg",1991
"471","stockjo01",13,"reg",1992
"472","stockjo01",7.5,"reg",1992
"473","stockjo01",7.5,"reg",1992
"474","stockjo01",-1.8,"reg",1992
"475","stockjo01",4.8,"reg",1992
"476","stockjo01",13.8,"reg",1992
"477","stockjo01",3,"reg",1992
"478","stockjo01",12.6,"reg",1992
"479","stockjo01",7.5,"reg",1992
"480","stockjo01",16.4,"reg",1992
"481","stockjo01",3.2,"reg",1992
"482","stockjo01",0.1,"reg",1992
"483","stockjo01",1.3,"reg",1992
"484","stockjo01",14.6,"reg",1992
"485","stockjo01",11.8,"reg",1992
"486","stockjo01",15,"reg",1992
"487","stockjo01",5.8,"reg",1992
"488","stockjo01",10.4,"reg",1992
"489","stockjo01",5.5,"reg",1992
"490","stockjo01",7.4,"reg",1992
"491","stockjo01",3.5,"reg",1992
"492","stockjo01",5.3,"reg",1992
"493","stockjo01",21.3,"reg",1992
"494","stockjo01",20.3,"reg",1992
"495","stockjo01",12.3,"reg",1992
"496","stockjo01",6.8,"reg",1992
"497","stockjo01",13,"reg",1992
"498","stockjo01",6.9,"reg",1992
"499","stockjo01",15.3,"reg",1992
"500","stockjo01",2,"reg",1992
"501","stockjo01",12.2,"reg",1992
"502","stockjo01",5.9,"reg",1992
"503","stockjo01",3.6,"reg",1992
"504","stockjo01",9.3,"reg",1992
"505","stockjo01",1.9,"reg",1992
"506","stockjo01",7.9,"reg",1992
"507","stockjo01",14,"reg",1992
"508","stockjo01",4.5,"reg",1992
"509","stockjo01",12.1,"reg",1992
"510","stockjo01",7.5,"reg",1992
"511","stockjo01",8,"reg",1992
"512","stockjo01",12.5,"reg",1992
"513","stockjo01",7,"reg",1992
"514","stockjo01",16.7,"reg",1992
"515","stockjo01",11.2,"reg",1992
"516","stockjo01",7.9,"reg",1992
"517","stockjo01",3.6,"reg",1992
"518","stockjo01",-5.7,"reg",1992
"519","stockjo01",0.8,"reg",1992
"520","stockjo01",7.2,"reg",1992
"521","stockjo01",8.2,"reg",1992
"522","stockjo01",9.8,"reg",1992
"523","stockjo01",5,"reg",1992
"524","stockjo01",0.9,"reg",1992
"525","stockjo01",11.8,"reg",1992
"526","stockjo01",4.2,"reg",1992
"527","stockjo01",3.5,"reg",1992
"528","stockjo01",10.6,"reg",1992
"529","stockjo01",9.3,"reg",1992
"530","stockjo01",10.5,"reg",1992
"531","stockjo01",14.9,"reg",1992
"532","stockjo01",3.2,"reg",1992
"533","stockjo01",7.4,"reg",1992
"534","stockjo01",4.8,"reg",1992
"535","stockjo01",8.4,"reg",1992
"536","stockjo01",12.3,"reg",1992
"537","stockjo01",9.1,"reg",1992
"538","stockjo01",3.7,"reg",1992
"539","stockjo01",13.1,"reg",1992
"540","stockjo01",4.8,"reg",1992
"541","stockjo01",3.6,"reg",1992
"542","stockjo01",7.5,"reg",1992
"543","stockjo01",12,"reg",1992
"544","stockjo01",8.8,"reg",1992
"545","stockjo01",17.8,"reg",1992
"546","stockjo01",17.2,"reg",1992
"547","stockjo01",3.8,"reg",1992
"548","stockjo01",-1.9,"reg",1992
"549","stockjo01",7.2,"reg",1992
"550","stockjo01",9.4,"reg",1992
"551","stockjo01",-3.6,"reg",1992
"552","stockjo01",13.4,"reg",1992
"553","stockjo01",5,"reg",1993
"554","stockjo01",5.7,"reg",1993
"555","stockjo01",5.9,"reg",1993
"556","stockjo01",10.7,"reg",1993
"557","stockjo01",11.2,"reg",1993
"558","stockjo01",4.2,"reg",1993
"559","stockjo01",11.8,"reg",1993
"560","stockjo01",1.9,"reg",1993
"561","stockjo01",9.4,"reg",1993
"562","stockjo01",6.3,"reg",1993
"563","stockjo01",8.9,"reg",1993
"564","stockjo01",17.6,"reg",1993
"565","stockjo01",6.8,"reg",1993
"566","stockjo01",6.9,"reg",1993
"567","stockjo01",4.4,"reg",1993
"568","stockjo01",9.1,"reg",1993
"569","stockjo01",4.6,"reg",1993
"570","stockjo01",10.7,"reg",1993
"571","stockjo01",1.2,"reg",1993
"572","stockjo01",14.1,"reg",1993
"573","stockjo01",7.3,"reg",1993
"574","stockjo01",3,"reg",1993
"575","stockjo01",8.5,"reg",1993
"576","stockjo01",11.4,"reg",1993
"577","stockjo01",12.2,"reg",1993
"578","stockjo01",-5.7,"reg",1993
"579","stockjo01",7,"reg",1993
"580","stockjo01",11.8,"reg",1993
"581","stockjo01",7.1,"reg",1993
"582","stockjo01",6.9,"reg",1993
"583","stockjo01",6.4,"reg",1993
"584","stockjo01",6.4,"reg",1993
"585","stockjo01",13,"reg",1993
"586","stockjo01",5,"reg",1993
"587","stockjo01",2.6,"reg",1993
"588","stockjo01",4,"reg",1993
"589","stockjo01",9.2,"reg",1993
"590","stockjo01",6.4,"reg",1993
"591","stockjo01",6.3,"reg",1993
"592","stockjo01",2.6,"reg",1993
"593","stockjo01",4.1,"reg",1993
"594","stockjo01",-0.4,"reg",1993
"595","stockjo01",4.6,"reg",1993
"596","stockjo01",7.2,"reg",1993
"597","stockjo01",4.6,"reg",1993
"598","stockjo01",2.5,"reg",1993
"599","stockjo01",2,"reg",1993
"600","stockjo01",2.8,"reg",1993
"601","stockjo01",3.6,"reg",1993
"602","stockjo01",8.3,"reg",1993
"603","stockjo01",14.6,"reg",1993
"604","stockjo01",-0.4,"reg",1993
"605","stockjo01",11.3,"reg",1993
"606","stockjo01",-0.5,"reg",1993
"607","stockjo01",-3.4,"reg",1993
"608","stockjo01",2.4,"reg",1993
"609","stockjo01",9.9,"reg",1993
"610","stockjo01",14.7,"reg",1993
"611","stockjo01",2,"reg",1993
"612","stockjo01",5.2,"reg",1993
"613","stockjo01",-2.8,"reg",1993
"614","stockjo01",7,"reg",1993
"615","stockjo01",6.2,"reg",1993
"616","stockjo01",15.6,"reg",1993
"617","stockjo01",4.3,"reg",1993
"618","stockjo01",-4.8,"reg",1993
"619","stockjo01",12.2,"reg",1993
"620","stockjo01",1.5,"reg",1993
"621","stockjo01",10.2,"reg",1993
"622","stockjo01",4.7,"reg",1993
"623","stockjo01",9.4,"reg",1993
"624","stockjo01",6.4,"reg",1993
"625","stockjo01",1.9,"reg",1993
"626","stockjo01",8.1,"reg",1993
"627","stockjo01",7.7,"reg",1993
"628","stockjo01",3.3,"reg",1993
"629","stockjo01",14.8,"reg",1993
"630","stockjo01",1.8,"reg",1993
"631","stockjo01",-0.4,"reg",1993
"632","stockjo01",3.7,"reg",1993
"633","stockjo01",9.4,"reg",1993
"634","stockjo01",8.4,"reg",1993
"635","stockjo01",5.6,"reg",1994
"636","stockjo01",6.1,"reg",1994
"637","stockjo01",3.8,"reg",1994
"638","stockjo01",8.8,"reg",1994
"639","stockjo01",12.1,"reg",1994
"640","stockjo01",17.3,"reg",1994
"641","stockjo01",1.7,"reg",1994
"642","stockjo01",6.5,"reg",1994
"643","stockjo01",4.9,"reg",1994
"644","stockjo01",7.7,"reg",1994
"645","stockjo01",10.6,"reg",1994
"646","stockjo01",14.7,"reg",1994
"647","stockjo01",14,"reg",1994
"648","stockjo01",7.7,"reg",1994
"649","stockjo01",4.2,"reg",1994
"650","stockjo01",8.7,"reg",1994
"651","stockjo01",9.3,"reg",1994
"652","stockjo01",16.3,"reg",1994
"653","stockjo01",9.4,"reg",1994
"654","stockjo01",12.1,"reg",1994
"655","stockjo01",3.4,"reg",1994
"656","stockjo01",10.4,"reg",1994
"657","stockjo01",5.1,"reg",1994
"658","stockjo01",5.7,"reg",1994
"659","stockjo01",-0.4,"reg",1994
"660","stockjo01",4.2,"reg",1994
"661","stockjo01",10.5,"reg",1994
"662","stockjo01",17,"reg",1994
"663","stockjo01",10.2,"reg",1994
"664","stockjo01",14.3,"reg",1994
"665","stockjo01",3.8,"reg",1994
"666","stockjo01",6,"reg",1994
"667","stockjo01",14,"reg",1994
"668","stockjo01",8.3,"reg",1994
"669","stockjo01",11.1,"reg",1994
"670","stockjo01",1.5,"reg",1994
"671","stockjo01",6.6,"reg",1994
"672","stockjo01",6.3,"reg",1994
"673","stockjo01",4,"reg",1994
"674","stockjo01",5.6,"reg",1994
"675","stockjo01",5.4,"reg",1994
"676","stockjo01",8.1,"reg",1994
"677","stockjo01",14.9,"reg",1994
"678","stockjo01",7.9,"reg",1994
"679","stockjo01",1.9,"reg",1994
"680","stockjo01",13.1,"reg",1994
"681","stockjo01",-0.3,"reg",1994
"682","stockjo01",0.1,"reg",1994
"683","stockjo01",2.6,"reg",1994
"684","stockjo01",2,"reg",1994
"685","stockjo01",2.4,"reg",1994
"686","stockjo01",7.7,"reg",1994
"687","stockjo01",8,"reg",1994
"688","stockjo01",6.6,"reg",1994
"689","stockjo01",3.3,"reg",1994
"690","stockjo01",-1,"reg",1994
"691","stockjo01",8.3,"reg",1994
"692","stockjo01",6.1,"reg",1994
"693","stockjo01",7.4,"reg",1994
"694","stockjo01",9.4,"reg",1994
"695","stockjo01",5.9,"reg",1994
"696","stockjo01",13.8,"reg",1994
"697","stockjo01",3.6,"reg",1994
"698","stockjo01",6,"reg",1994
"699","stockjo01",11.8,"reg",1994
"700","stockjo01",4.7,"reg",1994
"701","stockjo01",4.4,"reg",1994
"702","stockjo01",8.8,"reg",1994
"703","stockjo01",7.6,"reg",1994
"704","stockjo01",4,"reg",1994
"705","stockjo01",15.8,"reg",1994
"706","stockjo01",2.6,"reg",1994
"707","stockjo01",8.5,"reg",1994
"708","stockjo01",5.3,"reg",1994
"709","stockjo01",9.1,"reg",1994
"710","stockjo01",9.3,"reg",1994
"711","stockjo01",2.4,"reg",1994
"712","stockjo01",10.8,"reg",1994
"713","stockjo01",2.3,"reg",1994
"714","stockjo01",14.9,"reg",1994
"715","stockjo01",8.8,"reg",1994
"716","stockjo01",10.9,"reg",1994
"717","stockjo01",9.4,"reg",1995
"718","stockjo01",3.7,"reg",1995
"719","stockjo01",0.2,"reg",1995
"720","stockjo01",6.9,"reg",1995
"721","stockjo01",3.7,"reg",1995
"722","stockjo01",17.7,"reg",1995
"723","stockjo01",7.7,"reg",1995
"724","stockjo01",13.5,"reg",1995
"725","stockjo01",16,"reg",1995
"726","stockjo01",4.5,"reg",1995
"727","stockjo01",-2.3,"reg",1995
"728","stockjo01",6.3,"reg",1995
"729","stockjo01",17.6,"reg",1995
"730","stockjo01",7,"reg",1995
"731","stockjo01",9.7,"reg",1995
"732","stockjo01",1.7,"reg",1995
"733","stockjo01",13.3,"reg",1995
"734","stockjo01",12.7,"reg",1995
"735","stockjo01",8,"reg",1995
"736","stockjo01",9.8,"reg",1995
"737","stockjo01",12.6,"reg",1995
"738","stockjo01",7.2,"reg",1995
"739","stockjo01",16.3,"reg",1995
"740","stockjo01",6.1,"reg",1995
"741","stockjo01",13.4,"reg",1995
"742","stockjo01",7.3,"reg",1995
"743","stockjo01",8.3,"reg",1995
"744","stockjo01",5.2,"reg",1995
"745","stockjo01",8.7,"reg",1995
"746","stockjo01",5.5,"reg",1995
"747","stockjo01",1.4,"reg",1995
"748","stockjo01",17.3,"reg",1995
"749","stockjo01",4.7,"reg",1995
"750","stockjo01",6.3,"reg",1995
"751","stockjo01",10.6,"reg",1995
"752","stockjo01",4.9,"reg",1995
"753","stockjo01",2,"reg",1995
"754","stockjo01",14.4,"reg",1995
"755","stockjo01",10.9,"reg",1995
"756","stockjo01",12.3,"reg",1995
"757","stockjo01",4.7,"reg",1995
"758","stockjo01",12.4,"reg",1995
"759","stockjo01",11.7,"reg",1995
"760","stockjo01",-3.5,"reg",1995
"761","stockjo01",13.6,"reg",1995
"762","stockjo01",-4.8,"reg",1995
"763","stockjo01",9.5,"reg",1995
"764","stockjo01",12,"reg",1995
"765","stockjo01",6.3,"reg",1995
"766","stockjo01",11,"reg",1995
"767","stockjo01",9.2,"reg",1995
"768","stockjo01",13.3,"reg",1995
"769","stockjo01",3.9,"reg",1995
"770","stockjo01",-1.9,"reg",1995
"771","stockjo01",14.2,"reg",1995
"772","stockjo01",1.1,"reg",1995
"773","stockjo01",5.4,"reg",1995
"774","stockjo01",10.4,"reg",1995
"775","stockjo01",3.3,"reg",1995
"776","stockjo01",9.1,"reg",1995
"777","stockjo01",-3.7,"reg",1995
"778","stockjo01",12.5,"reg",1995
"779","stockjo01",8.3,"reg",1995
"780","stockjo01",5.4,"reg",1995
"781","stockjo01",4.7,"reg",1995
"782","stockjo01",6.7,"reg",1995
"783","stockjo01",6.4,"reg",1995
"784","stockjo01",14.4,"reg",1995
"785","stockjo01",7.6,"reg",1995
"786","stockjo01",15,"reg",1995
"787","stockjo01",11.8,"reg",1995
"788","stockjo01",16.3,"reg",1995
"789","stockjo01",2.9,"reg",1995
"790","stockjo01",3.6,"reg",1995
"791","stockjo01",12,"reg",1995
"792","stockjo01",14.1,"reg",1995
"793","stockjo01",9.2,"reg",1995
"794","stockjo01",12.9,"reg",1995
"795","stockjo01",3.8,"reg",1995
"796","stockjo01",-0.8,"reg",1995
"797","stockjo01",5.3,"reg",1995
"798","stockjo01",-1.8,"reg",1995
"799","stockjo01",11.3,"reg",1996
"800","stockjo01",9.2,"reg",1996
"801","stockjo01",0.1,"reg",1996
"802","stockjo01",13.3,"reg",1996
"803","stockjo01",9.5,"reg",1996
"804","stockjo01",7.9,"reg",1996
"805","stockjo01",15.4,"reg",1996
"806","stockjo01",4.1,"reg",1996
"807","stockjo01",5,"reg",1996
"808","stockjo01",7.5,"reg",1996
"809","stockjo01",6,"reg",1996
"810","stockjo01",3.9,"reg",1996
"811","stockjo01",13.5,"reg",1996
"812","stockjo01",12.6,"reg",1996
"813","stockjo01",13.9,"reg",1996
"814","stockjo01",3.2,"reg",1996
"815","stockjo01",8.4,"reg",1996
"816","stockjo01",8.1,"reg",1996
"817","stockjo01",-0.4,"reg",1996
"818","stockjo01",9.1,"reg",1996
"819","stockjo01",13.2,"reg",1996
"820","stockjo01",15.3,"reg",1996
"821","stockjo01",4.9,"reg",1996
"822","stockjo01",3,"reg",1996
"823","stockjo01",6.4,"reg",1996
"824","stockjo01",10.6,"reg",1996
"825","stockjo01",9.2,"reg",1996
"826","stockjo01",16.4,"reg",1996
"827","stockjo01",12.7,"reg",1996
"828","stockjo01",17.5,"reg",1996
"829","stockjo01",5.6,"reg",1996
"830","stockjo01",3,"reg",1996
"831","stockjo01",2.1,"reg",1996
"832","stockjo01",-1.9,"reg",1996
"833","stockjo01",3.1,"reg",1996
"834","stockjo01",1.1,"reg",1996
"835","stockjo01",6,"reg",1996
"836","stockjo01",3.7,"reg",1996
"837","stockjo01",6,"reg",1996
"838","stockjo01",2.5,"reg",1996
"839","stockjo01",2,"reg",1996
"840","stockjo01",-2.1,"reg",1996
"841","stockjo01",3.7,"reg",1996
"842","stockjo01",12.7,"reg",1996
"843","stockjo01",0.8,"reg",1996
"844","stockjo01",11.6,"reg",1996
"845","stockjo01",6.9,"reg",1996
"846","stockjo01",4.5,"reg",1996
"847","stockjo01",10.9,"reg",1996
"848","stockjo01",8.2,"reg",1996
"849","stockjo01",-4.6,"reg",1996
"850","stockjo01",3.4,"reg",1996
"851","stockjo01",2.8,"reg",1996
"852","stockjo01",1.9,"reg",1996
"853","stockjo01",9.6,"reg",1996
"854","stockjo01",4.7,"reg",1996
"855","stockjo01",13.9,"reg",1996
"856","stockjo01",13.1,"reg",1996
"857","stockjo01",-2.1,"reg",1996
"858","stockjo01",5.9,"reg",1996
"859","stockjo01",7.4,"reg",1996
"860","stockjo01",8.8,"reg",1996
"861","stockjo01",1.1,"reg",1996
"862","stockjo01",5.6,"reg",1996
"863","stockjo01",8.1,"reg",1996
"864","stockjo01",-2.2,"reg",1996
"865","stockjo01",5.1,"reg",1996
"866","stockjo01",17.7,"reg",1996
"867","stockjo01",10.9,"reg",1996
"868","stockjo01",15.4,"reg",1996
"869","stockjo01",-1,"reg",1996
"870","stockjo01",-3.7,"reg",1996
"871","stockjo01",-2.1,"reg",1996
"872","stockjo01",5.8,"reg",1996
"873","stockjo01",5.1,"reg",1996
"874","stockjo01",7.5,"reg",1996
"875","stockjo01",14,"reg",1996
"876","stockjo01",5.7,"reg",1996
"877","stockjo01",-2.7,"reg",1996
"878","stockjo01",6.7,"reg",1996
"879","stockjo01",2.9,"reg",1996
"880","stockjo01",2.5,"reg",1996
"881","stockjo01",15,"reg",1997
"882","stockjo01",4.3,"reg",1997
"883","stockjo01",12.9,"reg",1997
"884","stockjo01",5,"reg",1997
"885","stockjo01",11.3,"reg",1997
"886","stockjo01",4.4,"reg",1997
"887","stockjo01",-0.3,"reg",1997
"888","stockjo01",-0.5,"reg",1997
"889","stockjo01",13.1,"reg",1997
"890","stockjo01",12.7,"reg",1997
"891","stockjo01",6.5,"reg",1997
"892","stockjo01",5.2,"reg",1997
"893","stockjo01",1.2,"reg",1997
"894","stockjo01",6.4,"reg",1997
"895","stockjo01",12.5,"reg",1997
"896","stockjo01",4.3,"reg",1997
"897","stockjo01",12,"reg",1997
"898","stockjo01",4.8,"reg",1997
"899","stockjo01",3.2,"reg",1997
"900","stockjo01",3.2,"reg",1997
"901","stockjo01",3.3,"reg",1997
"902","stockjo01",11.1,"reg",1997
"903","stockjo01",2.4,"reg",1997
"904","stockjo01",14.5,"reg",1997
"905","stockjo01",6.4,"reg",1997
"906","stockjo01",6.9,"reg",1997
"907","stockjo01",1.4,"reg",1997
"908","stockjo01",4.6,"reg",1997
"909","stockjo01",11.7,"reg",1997
"910","stockjo01",5.8,"reg",1997
"911","stockjo01",-2.9,"reg",1997
"912","stockjo01",2.8,"reg",1997
"913","stockjo01",10,"reg",1997
"914","stockjo01",0.8,"reg",1997
"915","stockjo01",1.8,"reg",1997
"916","stockjo01",7.1,"reg",1997
"917","stockjo01",6.1,"reg",1997
"918","stockjo01",9.1,"reg",1997
"919","stockjo01",8.1,"reg",1997
"920","stockjo01",6.2,"reg",1997
"921","stockjo01",8.7,"reg",1997
"922","stockjo01",-0.3,"reg",1997
"923","stockjo01",7.7,"reg",1997
"924","stockjo01",10.1,"reg",1997
"925","stockjo01",9,"reg",1997
"926","stockjo01",5.1,"reg",1997
"927","stockjo01",14.6,"reg",1997
"928","stockjo01",8.6,"reg",1997
"929","stockjo01",2.8,"reg",1997
"930","stockjo01",17.6,"reg",1997
"931","stockjo01",2.8,"reg",1997
"932","stockjo01",0.3,"reg",1997
"933","stockjo01",8.6,"reg",1997
"934","stockjo01",-2.2,"reg",1997
"935","stockjo01",10.6,"reg",1997
"936","stockjo01",-2.4,"reg",1997
"937","stockjo01",10.4,"reg",1997
"938","stockjo01",2.2,"reg",1997
"939","stockjo01",-5.7,"reg",1997
"940","stockjo01",-3.4,"reg",1997
"941","stockjo01",6.3,"reg",1997
"942","stockjo01",11.1,"reg",1997
"943","stockjo01",14.3,"reg",1997
"944","stockjo01",-4.2,"reg",1997
"945","stockjo01",8.9,"reg",1997
"946","stockjo01",13.1,"reg",1997
"947","stockjo01",1.3,"reg",1997
"948","stockjo01",5.1,"reg",1997
"949","stockjo01",11.1,"reg",1997
"950","stockjo01",12.1,"reg",1997
"951","stockjo01",5.3,"reg",1997
"952","stockjo01",20.1,"reg",1997
"953","stockjo01",-2,"reg",1997
"954","stockjo01",2.6,"reg",1997
"955","stockjo01",1.5,"reg",1997
"956","stockjo01",2.5,"reg",1997
"957","stockjo01",8.1,"reg",1997
"958","stockjo01",7.6,"reg",1997
"959","stockjo01",4.9,"reg",1997
"960","stockjo01",14,"reg",1997
"961","stockjo01",1.4,"reg",1997
"962","stockjo01",11.2,"reg",1997
"963","stockjo01",2.7,"reg",2000
"964","stockjo01",10.4,"reg",2000
"965","stockjo01",6.3,"reg",2000
"966","stockjo01",7.1,"reg",2000
"967","stockjo01",8.5,"reg",2000
"968","stockjo01",15,"reg",2000
"969","stockjo01",6,"reg",2000
"970","stockjo01",0.4,"reg",2000
"971","stockjo01",1.9,"reg",2000
"972","stockjo01",1.7,"reg",2000
"973","stockjo01",5,"reg",2000
"974","stockjo01",14.8,"reg",2000
"975","stockjo01",-3.3,"reg",2000
"976","stockjo01",7.7,"reg",2000
"977","stockjo01",12.3,"reg",2000
"978","stockjo01",8.4,"reg",2000
"979","stockjo01",9,"reg",2000
"980","stockjo01",-1.9,"reg",2000
"981","stockjo01",11.6,"reg",2000
"982","stockjo01",13,"reg",2000
"983","stockjo01",0.6,"reg",2000
"984","stockjo01",-0.5,"reg",2000
"985","stockjo01",4.2,"reg",2000
"986","stockjo01",6.2,"reg",2000
"987","stockjo01",4.4,"reg",2000
"988","stockjo01",0.9,"reg",2000
"989","stockjo01",10.3,"reg",2000
"990","stockjo01",1.5,"reg",2000
"991","stockjo01",4.1,"reg",2000
"992","stockjo01",4.1,"reg",2000
"993","stockjo01",0.5,"reg",2000
"994","stockjo01",4.6,"reg",2000
"995","stockjo01",9.7,"reg",2000
"996","stockjo01",2.5,"reg",2000
"997","stockjo01",12.1,"reg",2000
"998","stockjo01",8.3,"reg",2000
"999","stockjo01",9.1,"reg",2000
"1000","stockjo01",3.2,"reg",2000
"1001","stockjo01",7.7,"reg",2000
"1002","stockjo01",4.9,"reg",2000
"1003","stockjo01",9.9,"reg",2000
"1004","stockjo01",3.3,"reg",2000
"1005","stockjo01",6.8,"reg",2000
"1006","stockjo01",1.2,"reg",2000
"1007","stockjo01",8.8,"reg",2000
"1008","stockjo01",7.3,"reg",2000
"1009","stockjo01",7.9,"reg",2000
"1010","stockjo01",2.5,"reg",2000
"1011","stockjo01",3.8,"reg",2000
"1012","stockjo01",5.8,"reg",2000
"1013","stockjo01",8.3,"reg",2000
"1014","stockjo01",2,"reg",2000
"1015","stockjo01",6.8,"reg",2000
"1016","stockjo01",2.7,"reg",2000
"1017","stockjo01",0.7,"reg",2000
"1018","stockjo01",7,"reg",2000
"1019","stockjo01",4.2,"reg",2000
"1020","stockjo01",-2.3,"reg",2000
"1021","stockjo01",2.6,"reg",2000
"1022","stockjo01",11.4,"reg",2000
"1023","stockjo01",3.3,"reg",2000
"1024","stockjo01",2.2,"reg",2000
"1025","stockjo01",-1.6,"reg",2000
"1026","stockjo01",0.9,"reg",2000
"1027","stockjo01",4.6,"reg",2000
"1028","stockjo01",7.6,"reg",2000
"1029","stockjo01",13.4,"reg",2000
"1030","stockjo01",6.2,"reg",2000
"1031","stockjo01",6.1,"reg",2000
"1032","stockjo01",13.3,"reg",2000
"1033","stockjo01",-2,"reg",2000
"1034","stockjo01",2.1,"reg",2000
"1035","stockjo01",0.9,"reg",2000
"1036","stockjo01",13.1,"reg",2000
"1037","stockjo01",3.2,"reg",2000
"1038","stockjo01",3.4,"reg",2000
"1039","stockjo01",-0.7,"reg",2000
"1040","stockjo01",7.2,"reg",2000
"1041","stockjo01",7,"reg",2000
"1042","stockjo01",3.4,"reg",2000
"1043","stockjo01",3.7,"reg",2000
"1044","stockjo01",2.6,"reg",2000
"1045","stockjo01",2.7,"reg",1999
"1046","stockjo01",3.5,"reg",1999
"1047","stockjo01",2.9,"reg",1999
"1048","stockjo01",4.7,"reg",1999
"1049","stockjo01",7.4,"reg",1999
"1050","stockjo01",7.3,"reg",1999
"1051","stockjo01",3.6,"reg",1999
"1052","stockjo01",4,"reg",1999
"1053","stockjo01",8.4,"reg",1999
"1054","stockjo01",-6.2,"reg",1999
"1055","stockjo01",7.1,"reg",1999
"1056","stockjo01",2.5,"reg",1999
"1057","stockjo01",8.1,"reg",1999
"1058","stockjo01",13.5,"reg",1999
"1059","stockjo01",-4.5,"reg",1999
"1060","stockjo01",-4.5,"reg",1999
"1061","stockjo01",11,"reg",1999
"1062","stockjo01",11.7,"reg",1999
"1063","stockjo01",4.8,"reg",1999
"1064","stockjo01",2.7,"reg",1999
"1065","stockjo01",4.4,"reg",1999
"1066","stockjo01",6.1,"reg",1999
"1067","stockjo01",7.8,"reg",1999
"1068","stockjo01",4.4,"reg",1999
"1069","stockjo01",-1.2,"reg",1999
"1070","stockjo01",9.2,"reg",1999
"1071","stockjo01",1.2,"reg",1999
"1072","stockjo01",6.6,"reg",1999
"1073","stockjo01",6.6,"reg",1999
"1074","stockjo01",-3.4,"reg",1999
"1075","stockjo01",4.3,"reg",1999
"1076","stockjo01",7.4,"reg",1999
"1077","stockjo01",16.9,"reg",1999
"1078","stockjo01",2.7,"reg",1999
"1079","stockjo01",-0.4,"reg",1999
"1080","stockjo01",0.8,"reg",1999
"1081","stockjo01",1.3,"reg",1999
"1082","stockjo01",5.5,"reg",1999
"1083","stockjo01",6.1,"reg",1999
"1084","stockjo01",-2.4,"reg",1999
"1085","stockjo01",4,"reg",1999
"1086","stockjo01",4.1,"reg",1999
"1087","stockjo01",8.2,"reg",1999
"1088","stockjo01",6.9,"reg",1999
"1089","stockjo01",11.6,"reg",1999
"1090","stockjo01",2.5,"reg",1999
"1091","stockjo01",4.1,"reg",1999
"1092","stockjo01",7.6,"reg",1999
"1093","stockjo01",7.9,"reg",1999
"1094","stockjo01",-1,"reg",1999
"1095","stockjo01",4.8,"reg",1986
"1096","stockjo01",3,"reg",1986
"1097","stockjo01",5.7,"reg",1986
"1098","stockjo01",2.4,"reg",1986
"1099","stockjo01",0.1,"reg",1986
"1100","stockjo01",3.9,"reg",1986
"1101","stockjo01",1,"reg",1986
"1102","stockjo01",8.2,"reg",1986
"1103","stockjo01",-1.2,"reg",1986
"1104","stockjo01",6.5,"reg",1986
"1105","stockjo01",7.4,"reg",1986
"1106","stockjo01",9.1,"reg",1986
"1107","stockjo01",0.3,"reg",1986
"1108","stockjo01",9.6,"reg",1986
"1109","stockjo01",2.9,"reg",1986
"1110","stockjo01",0.6,"reg",1986
"1111","stockjo01",3.7,"reg",1986
"1112","stockjo01",-3.1,"reg",1986
"1113","stockjo01",2.5,"reg",1986
"1114","stockjo01",-4.4,"reg",1986
"1115","stockjo01",-0.5,"reg",1986
"1116","stockjo01",4.9,"reg",1986
"1117","stockjo01",4.8,"reg",1986
"1118","stockjo01",5.3,"reg",1986
"1119","stockjo01",3.9,"reg",1986
"1120","stockjo01",1.6,"reg",1986
"1121","stockjo01",0.1,"reg",1986
"1122","stockjo01",0.3,"reg",1986
"1123","stockjo01",-3.7,"reg",1986
"1124","stockjo01",1.6,"reg",1986
"1125","stockjo01",6.8,"reg",1986
"1126","stockjo01",2.5,"reg",1986
"1127","stockjo01",-3.4,"reg",1986
"1128","stockjo01",9.4,"reg",1986
"1129","stockjo01",3.8,"reg",1986
"1130","stockjo01",-5.3,"reg",1986
"1131","stockjo01",3,"reg",1986
"1132","stockjo01",5.3,"reg",1986
"1133","stockjo01",7.3,"reg",1986
"1134","stockjo01",8.2,"reg",1986
"1135","stockjo01",-1.2,"reg",1986
"1136","stockjo01",-0.6,"reg",1986
"1137","stockjo01",3.9,"reg",1986
"1138","stockjo01",-0.7,"reg",1986
"1139","stockjo01",4.5,"reg",1986
"1140","stockjo01",6.6,"reg",1986
"1141","stockjo01",6.8,"reg",1986
"1142","stockjo01",3.2,"reg",1986
"1143","stockjo01",5.4,"reg",1986
"1144","stockjo01",0.8,"reg",1986
"1145","stockjo01",0.7,"reg",1986
"1146","stockjo01",8.9,"reg",1986
"1147","stockjo01",1.4,"reg",1986
"1148","stockjo01",4.7,"reg",1986
"1149","stockjo01",-2.9,"reg",1986
"1150","stockjo01",8.3,"reg",1986
"1151","stockjo01",0.9,"reg",1986
"1152","stockjo01",-6.6,"reg",1986
"1153","stockjo01",1.3,"reg",1986
"1154","stockjo01",1.6,"reg",1986
"1155","stockjo01",-2.1,"reg",1986
"1156","stockjo01",-2.5,"reg",1986
"1157","stockjo01",9.5,"reg",1986
"1158","stockjo01",2.6,"reg",1986
"1159","stockjo01",-4.1,"reg",1986
"1160","stockjo01",-3.4,"reg",1986
"1161","stockjo01",-1.1,"reg",1986
"1162","stockjo01",1.5,"reg",1986
"1163","stockjo01",0.4,"reg",1986
"1164","stockjo01",0.9,"reg",1986
"1165","stockjo01",1.3,"reg",1986
"1166","stockjo01",-1.7,"reg",1986
"1167","stockjo01",-3.3,"reg",1986
"1168","stockjo01",0.1,"reg",1986
"1169","stockjo01",-4.4,"reg",1986
"1170","stockjo01",-2.3,"reg",1986
"1171","stockjo01",2.1,"reg",1986
"1172","stockjo01",-2.1,"reg",1986
"1173","stockjo01",12.6,"reg",1986
"1174","stockjo01",-1.1,"reg",1986
"1175","stockjo01",6.7,"reg",1986
"1176","stockjo01",-0.5,"reg",1986
"1177","stockjo01",1.9,"reg",1987
"1178","stockjo01",5.7,"reg",1987
"1179","stockjo01",0.1,"reg",1987
"1180","stockjo01",-0.9,"reg",1987
"1181","stockjo01",3.5,"reg",1987
"1182","stockjo01",9.1,"reg",1987
"1183","stockjo01",3.9,"reg",1987
"1184","stockjo01",-1.8,"reg",1987
"1185","stockjo01",2.2,"reg",1987
"1186","stockjo01",10.3,"reg",1987
"1187","stockjo01",9.8,"reg",1987
"1188","stockjo01",5.2,"reg",1987
"1189","stockjo01",0.4,"reg",1987
"1190","stockjo01",8.8,"reg",1987
"1191","stockjo01",4.1,"reg",1987
"1192","stockjo01",8.1,"reg",1987
"1193","stockjo01",3.4,"reg",1987
"1194","stockjo01",11.1,"reg",1987
"1195","stockjo01",3.1,"reg",1987
"1196","stockjo01",2.3,"reg",1987
"1197","stockjo01",8.9,"reg",1987
"1198","stockjo01",-0.1,"reg",1987
"1199","stockjo01",3.7,"reg",1987
"1200","stockjo01",4.8,"reg",1987
"1201","stockjo01",2.5,"reg",1987
"1202","stockjo01",8.3,"reg",1987
"1203","stockjo01",-3.3,"reg",1987
"1204","stockjo01",4.8,"reg",1987
"1205","stockjo01",5.7,"reg",1987
"1206","stockjo01",10.2,"reg",1987
"1207","stockjo01",-1.9,"reg",1987
"1208","stockjo01",4.9,"reg",1987
"1209","stockjo01",-0.3,"reg",1987
"1210","stockjo01",-1.1,"reg",1987
"1211","stockjo01",10.7,"reg",1987
"1212","stockjo01",1.3,"reg",1987
"1213","stockjo01",6.2,"reg",1987
"1214","stockjo01",5.1,"reg",1987
"1215","stockjo01",-1.1,"reg",1987
"1216","stockjo01",4.6,"reg",1987
"1217","stockjo01",4.5,"reg",1987
"1218","stockjo01",-2.5,"reg",1987
"1219","stockjo01",6.2,"reg",1987
"1220","stockjo01",10.7,"reg",1987
"1221","stockjo01",2.6,"reg",1987
"1222","stockjo01",3,"reg",1987
"1223","stockjo01",5.4,"reg",1987
"1224","stockjo01",5.9,"reg",1987
"1225","stockjo01",5.4,"reg",1987
"1226","stockjo01",-2.9,"reg",1987
"1227","stockjo01",-3.4,"reg",1987
"1228","stockjo01",12.8,"reg",1987
"1229","stockjo01",2.2,"reg",1987
"1230","stockjo01",8.9,"reg",1987
"1231","stockjo01",5.5,"reg",1987
"1232","stockjo01",0.4,"reg",1987
"1233","stockjo01",1.8,"reg",1987
"1234","stockjo01",7.7,"reg",1987
"1235","stockjo01",0.2,"reg",1987
"1236","stockjo01",-0.1,"reg",1987
"1237","stockjo01",4.3,"reg",1987
"1238","stockjo01",0,"reg",1987
"1239","stockjo01",-3.2,"reg",1987
"1240","stockjo01",0.3,"reg",1987
"1241","stockjo01",2,"reg",1987
"1242","stockjo01",-2.1,"reg",1987
"1243","stockjo01",0.9,"reg",1987
"1244","stockjo01",0.7,"reg",1987
"1245","stockjo01",9,"reg",1987
"1246","stockjo01",4.8,"reg",1987
"1247","stockjo01",-0.2,"reg",1987
"1248","stockjo01",-2.6,"reg",1987
"1249","stockjo01",-0.5,"reg",1987
"1250","stockjo01",-0.3,"reg",1987
"1251","stockjo01",4.9,"reg",1987
"1252","stockjo01",1.8,"reg",1987
"1253","stockjo01",2,"reg",1987
"1254","stockjo01",4.5,"reg",1987
"1255","stockjo01",5.5,"reg",1987
"1256","stockjo01",-1.2,"reg",1987
"1257","stockjo01",4.3,"reg",1987
"1258","stockjo01",6.8,"reg",1987
"1259","stockjo01",3.3,"reg",2002
"1260","stockjo01",11.1,"reg",2002
"1261","stockjo01",1.9,"reg",2002
"1262","stockjo01",-0.7,"reg",2002
"1263","stockjo01",-1.8,"reg",2002
"1264","stockjo01",-0.4,"reg",2002
"1265","stockjo01",6.5,"reg",2002
"1266","stockjo01",1.9,"reg",2002
"1267","stockjo01",6.6,"reg",2002
"1268","stockjo01",4,"reg",2002
"1269","stockjo01",9.9,"reg",2002
"1270","stockjo01",7.4,"reg",2002
"1271","stockjo01",8.3,"reg",2002
"1272","stockjo01",-1.1,"reg",2002
"1273","stockjo01",5.9,"reg",2002
"1274","stockjo01",5.7,"reg",2002
"1275","stockjo01",5,"reg",2002
"1276","stockjo01",5.6,"reg",2002
"1277","stockjo01",5.2,"reg",2002
"1278","stockjo01",7.6,"reg",2002
"1279","stockjo01",6.7,"reg",2002
"1280","stockjo01",3.4,"reg",2002
"1281","stockjo01",0.7,"reg",2002
"1282","stockjo01",1.7,"reg",2002
"1283","stockjo01",7.6,"reg",2002
"1284","stockjo01",11.4,"reg",2002
"1285","stockjo01",6.5,"reg",2002
"1286","stockjo01",1.9,"reg",2002
"1287","stockjo01",4.1,"reg",2002
"1288","stockjo01",3,"reg",2002
"1289","stockjo01",8.1,"reg",2002
"1290","stockjo01",4.8,"reg",2002
"1291","stockjo01",14.9,"reg",2002
"1292","stockjo01",5.7,"reg",2002
"1293","stockjo01",5.9,"reg",2002
"1294","stockjo01",4.7,"reg",2002
"1295","stockjo01",8.8,"reg",2002
"1296","stockjo01",6.1,"reg",2002
"1297","stockjo01",3.7,"reg",2002
"1298","stockjo01",8.4,"reg",2002
"1299","stockjo01",9.7,"reg",2002
"1300","stockjo01",2.7,"reg",2002
"1301","stockjo01",-3.5,"reg",2002
"1302","stockjo01",-3.9,"reg",2002
"1303","stockjo01",-0.4,"reg",2002
"1304","stockjo01",5.4,"reg",2002
"1305","stockjo01",3.6,"reg",2002
"1306","stockjo01",-1.7,"reg",2002
"1307","stockjo01",5.1,"reg",2002
"1308","stockjo01",2,"reg",2002
"1309","stockjo01",2.2,"reg",2002
"1310","stockjo01",5.7,"reg",2002
"1311","stockjo01",6.9,"reg",2002
"1312","stockjo01",8.3,"reg",2002
"1313","stockjo01",9.5,"reg",2002
"1314","stockjo01",8.5,"reg",2002
"1315","stockjo01",-2.3,"reg",2002
"1316","stockjo01",-0.4,"reg",2002
"1317","stockjo01",9.8,"reg",2002
"1318","stockjo01",-2.2,"reg",2002
"1319","stockjo01",3.2,"reg",2002
"1320","stockjo01",5.3,"reg",2002
"1321","stockjo01",-2.1,"reg",2002
"1322","stockjo01",11,"reg",2002
"1323","stockjo01",-1.1,"reg",2002
"1324","stockjo01",13.8,"reg",2002
"1325","stockjo01",1.1,"reg",2002
"1326","stockjo01",-0.1,"reg",2002
"1327","stockjo01",4.6,"reg",2002
"1328","stockjo01",1.3,"reg",2002
"1329","stockjo01",6.8,"reg",2002
"1330","stockjo01",-4,"reg",2002
"1331","stockjo01",0.9,"reg",2002
"1332","stockjo01",11.5,"reg",2002
"1333","stockjo01",6.7,"reg",2002
"1334","stockjo01",3.5,"reg",2002
"1335","stockjo01",10.3,"reg",2002
"1336","stockjo01",5.5,"reg",2002
"1337","stockjo01",6.6,"reg",2002
"1338","stockjo01",13.4,"reg",2002
"1339","stockjo01",16.8,"reg",2002
"1340","stockjo01",0.2,"reg",2002
"1341","stockjo01",5.5,"reg",2003
"1342","stockjo01",0.5,"reg",2003
"1343","stockjo01",0.1,"reg",2003
"1344","stockjo01",-3.1,"reg",2003
"1345","stockjo01",3.1,"reg",2003
"1346","stockjo01",2,"reg",2003
"1347","stockjo01",18.6,"reg",2003
"1348","stockjo01",7.2,"reg",2003
"1349","stockjo01",7.2,"reg",2003
"1350","stockjo01",0.4,"reg",2003
"1351","stockjo01",2.1,"reg",2003
"1352","stockjo01",-3.4,"reg",2003
"1353","stockjo01",5.3,"reg",2003
"1354","stockjo01",-1.6,"reg",2003
"1355","stockjo01",-1.1,"reg",2003
"1356","stockjo01",6,"reg",2003
"1357","stockjo01",-5.3,"reg",2003
"1358","stockjo01",-1.7,"reg",2003
"1359","stockjo01",6.8,"reg",2003
"1360","stockjo01",6.4,"reg",2003
"1361","stockjo01",8.4,"reg",2003
"1362","stockjo01",7,"reg",2003
"1363","stockjo01",2.2,"reg",2003
"1364","stockjo01",3.6,"reg",2003
"1365","stockjo01",4.7,"reg",2003
"1366","stockjo01",4.6,"reg",2003
"1367","stockjo01",6.4,"reg",2003
"1368","stockjo01",8,"reg",2003
"1369","stockjo01",8.7,"reg",2003
"1370","stockjo01",6.9,"reg",2003
"1371","stockjo01",6,"reg",2003
"1372","stockjo01",9.9,"reg",2003
"1373","stockjo01",1.2,"reg",2003
"1374","stockjo01",10.1,"reg",2003
"1375","stockjo01",7.4,"reg",2003
"1376","stockjo01",2.9,"reg",2003
"1377","stockjo01",2,"reg",2003
"1378","stockjo01",-5.9,"reg",2003
"1379","stockjo01",1.2,"reg",2003
"1380","stockjo01",8.7,"reg",2003
"1381","stockjo01",-0.3,"reg",2003
"1382","stockjo01",1.6,"reg",2003
"1383","stockjo01",7.2,"reg",2003
"1384","stockjo01",3.1,"reg",2003
"1385","stockjo01",1.4,"reg",2003
"1386","stockjo01",3.4,"reg",2003
"1387","stockjo01",8.4,"reg",2003
"1388","stockjo01",-0.8,"reg",2003
"1389","stockjo01",7.8,"reg",2003
"1390","stockjo01",9.3,"reg",2003
"1391","stockjo01",-2.9,"reg",2003
"1392","stockjo01",7.2,"reg",2003
"1393","stockjo01",5.5,"reg",2003
"1394","stockjo01",-0.3,"reg",2003
"1395","stockjo01",10.1,"reg",2003
"1396","stockjo01",3.8,"reg",2003
"1397","stockjo01",3.7,"reg",2003
"1398","stockjo01",10.7,"reg",2003
"1399","stockjo01",2.8,"reg",2003
"1400","stockjo01",6.8,"reg",2003
"1401","stockjo01",3,"reg",2003
"1402","stockjo01",4.6,"reg",2003
"1403","stockjo01",0.3,"reg",2003
"1404","stockjo01",12.2,"reg",2003
"1405","stockjo01",2.1,"reg",2003
"1406","stockjo01",6.8,"reg",2003
"1407","stockjo01",1.2,"reg",2003
"1408","stockjo01",6.8,"reg",2003
"1409","stockjo01",6.4,"reg",2003
"1410","stockjo01",-2.6,"reg",2003
"1411","stockjo01",4.7,"reg",2003
"1412","stockjo01",6.3,"reg",2003
"1413","stockjo01",-1.3,"reg",2003
"1414","stockjo01",-4.2,"reg",2003
"1415","stockjo01",1.4,"reg",2003
"1416","stockjo01",1.5,"reg",2003
"1417","stockjo01",5.3,"reg",2003
"1418","stockjo01",10.5,"reg",2003
"1419","stockjo01",15.4,"reg",2003
"1420","stockjo01",0.8,"reg",2003
"1421","stockjo01",2.2,"reg",2003
"1422","stockjo01",-0.3,"reg",2003
"1423","stockjo01",4.1,"post",1985
"1424","stockjo01",-4.3,"post",1985
"1425","stockjo01",3.3,"post",1985
"1426","stockjo01",7.1,"post",1985
"1427","stockjo01",5,"post",1985
"1428","stockjo01",-0.2,"post",1985
"1429","stockjo01",-1.1,"post",1985
"1430","stockjo01",-3,"post",1985
"1431","stockjo01",-3.8,"post",1985
"1432","stockjo01",3.1,"post",1985
"1433","stockjo01",1.9,"post",1998
"1434","stockjo01",11.7,"post",1998
"1435","stockjo01",-0.1,"post",1998
"1436","stockjo01",9.7,"post",1998
"1437","stockjo01",6,"post",1998
"1438","stockjo01",4,"post",1998
"1439","stockjo01",8.1,"post",1998
"1440","stockjo01",9.5,"post",1998
"1441","stockjo01",14.9,"post",1998
"1442","stockjo01",5.7,"post",1998
"1443","stockjo01",-2.7,"post",1998
"1444","stockjo01",-0.2,"post",1998
"1445","stockjo01",10.3,"post",1998
"1446","stockjo01",1.9,"post",1998
"1447","stockjo01",8.2,"post",1998
"1448","stockjo01",0.6,"post",1998
"1449","stockjo01",1.2,"post",1998
"1450","stockjo01",-3.5,"post",1998
"1451","stockjo01",4.6,"post",1998
"1452","stockjo01",10.4,"post",1998
"1453","stockjo01",10.5,"post",1988
"1454","stockjo01",6.5,"post",1988
"1455","stockjo01",19.1,"post",1988
"1456","stockjo01",12.8,"post",1988
"1457","stockjo01",7.9,"post",1988
"1458","stockjo01",4.9,"post",1988
"1459","stockjo01",2.9,"post",1988
"1460","stockjo01",1.5,"post",1988
"1461","stockjo01",5.5,"post",1988
"1462","stockjo01",17.4,"post",1988
"1463","stockjo01",18.6,"post",1988
"1464","stockjo01",13,"post",1989
"1465","stockjo01",7.3,"post",1989
"1466","stockjo01",20.3,"post",1989
"1467","stockjo01",5.9,"post",1990
"1468","stockjo01",-0.5,"post",1990
"1469","stockjo01",2.8,"post",1990
"1470","stockjo01",11.1,"post",1990
"1471","stockjo01",3,"post",1990
"1472","stockjo01",7.8,"post",1991
"1473","stockjo01",4.6,"post",1991
"1474","stockjo01",12.6,"post",1991
"1475","stockjo01",6.5,"post",1991
"1476","stockjo01",9.7,"post",1991
"1477","stockjo01",9.8,"post",1991
"1478","stockjo01",11.5,"post",1991
"1479","stockjo01",8,"post",1991
"1480","stockjo01",12.8,"post",1991
"1481","stockjo01",9.8,"post",1992
"1482","stockjo01",10.7,"post",1992
"1483","stockjo01",1,"post",1992
"1484","stockjo01",7.6,"post",1992
"1485","stockjo01",3.1,"post",1992
"1486","stockjo01",15.9,"post",1992
"1487","stockjo01",3.3,"post",1992
"1488","stockjo01",11.3,"post",1992
"1489","stockjo01",0.8,"post",1992
"1490","stockjo01",11.9,"post",1992
"1491","stockjo01",12.7,"post",1992
"1492","stockjo01",12,"post",1992
"1493","stockjo01",-0.1,"post",1992
"1494","stockjo01",-1.4,"post",1992
"1495","stockjo01",5.5,"post",1992
"1496","stockjo01",6.8,"post",1992
"1497","stockjo01",7.7,"post",1993
"1498","stockjo01",8.2,"post",1993
"1499","stockjo01",1.5,"post",1993
"1500","stockjo01",9.9,"post",1993
"1501","stockjo01",7.8,"post",1993
"1502","stockjo01",9.5,"post",1994
"1503","stockjo01",16.4,"post",1994
"1504","stockjo01",5.2,"post",1994
"1505","stockjo01",3.1,"post",1994
"1506","stockjo01",4.5,"post",1994
"1507","stockjo01",-0.6,"post",1994
"1508","stockjo01",3.6,"post",1994
"1509","stockjo01",9.1,"post",1994
"1510","stockjo01",-4.5,"post",1994
"1511","stockjo01",7.1,"post",1994
"1512","stockjo01",8.8,"post",1994
"1513","stockjo01",8.5,"post",1994
"1514","stockjo01",7.5,"post",1994
"1515","stockjo01",5.3,"post",1994
"1516","stockjo01",8.5,"post",1994
"1517","stockjo01",1.4,"post",1994
"1518","stockjo01",11.5,"post",1995
"1519","stockjo01",0.5,"post",1995
"1520","stockjo01",-0.8,"post",1995
"1521","stockjo01",5.8,"post",1995
"1522","stockjo01",8.1,"post",1995
"1523","stockjo01",11.7,"post",1996
"1524","stockjo01",12.1,"post",1996
"1525","stockjo01",13.1,"post",1996
"1526","stockjo01",1.8,"post",1996
"1527","stockjo01",5.1,"post",1996
"1528","stockjo01",6.9,"post",1996
"1529","stockjo01",-5.9,"post",1996
"1530","stockjo01",1.3,"post",1996
"1531","stockjo01",4.4,"post",1996
"1532","stockjo01",6.1,"post",1996
"1533","stockjo01",5.2,"post",1996
"1534","stockjo01",12.4,"post",1996
"1535","stockjo01",-3.4,"post",1996
"1536","stockjo01",1.5,"post",1996
"1537","stockjo01",-2.4,"post",1996
"1538","stockjo01",-2.6,"post",1996
"1539","stockjo01",1.1,"post",1996
"1540","stockjo01",14.5,"post",1996
"1541","stockjo01",9.1,"post",1997
"1542","stockjo01",4.6,"post",1997
"1543","stockjo01",7.2,"post",1997
"1544","stockjo01",6,"post",1997
"1545","stockjo01",12.8,"post",1997
"1546","stockjo01",10.9,"post",1997
"1547","stockjo01",15.1,"post",1997
"1548","stockjo01",3.5,"post",1997
"1549","stockjo01",9.4,"post",1997
"1550","stockjo01",18.6,"post",1997
"1551","stockjo01",2.3,"post",1997
"1552","stockjo01",4.2,"post",1997
"1553","stockjo01",-2.1,"post",1997
"1554","stockjo01",7,"post",1997
"1555","stockjo01",-1.9,"post",1997
"1556","stockjo01",12.6,"post",1997
"1557","stockjo01",13.3,"post",1997
"1558","stockjo01",10.8,"post",1997
"1559","stockjo01",0.7,"post",1997
"1560","stockjo01",5.2,"post",1997
"1561","stockjo01",3.7,"post",2000
"1562","stockjo01",10.5,"post",2000
"1563","stockjo01",11.3,"post",2000
"1564","stockjo01",-3,"post",2000
"1565","stockjo01",5.3,"post",2000
"1566","stockjo01",2.6,"post",2000
"1567","stockjo01",8.6,"post",2000
"1568","stockjo01",1.4,"post",2000
"1569","stockjo01",1.8,"post",2000
"1570","stockjo01",-1.9,"post",2000
"1571","stockjo01",5.5,"post",1999
"1572","stockjo01",2.6,"post",1999
"1573","stockjo01",4.7,"post",1999
"1574","stockjo01",-0.2,"post",1999
"1575","stockjo01",-1.3,"post",1999
"1576","stockjo01",7.6,"post",1999
"1577","stockjo01",-3.2,"post",1999
"1578","stockjo01",5.2,"post",1999
"1579","stockjo01",2.7,"post",1999
"1580","stockjo01",8.3,"post",1999
"1581","stockjo01",8.8,"post",1999
"1582","stockjo01",-3,"post",1986
"1583","stockjo01",8.7,"post",1986
"1584","stockjo01",-1.6,"post",1986
"1585","stockjo01",1.6,"post",1986
"1586","stockjo01",0.2,"post",1987
"1587","stockjo01",-0.6,"post",1987
"1588","stockjo01",5.7,"post",1987
"1589","stockjo01",6.9,"post",1987
"1590","stockjo01",14.1,"post",1987
"1591","stockjo01",10.9,"post",2002
"1592","stockjo01",7.3,"post",2002
"1593","stockjo01",4.3,"post",2002
"1594","stockjo01",8.6,"post",2002
"1595","stockjo01",6.1,"post",2003
"1596","stockjo01",3.4,"post",2003
"1597","stockjo01",2.9,"post",2003
"1598","stockjo01",0.9,"post",2003
"1599","stockjo01",-1,"post",2003
